form_id,form_name
1,Form 10WA3
2,Form VUIKW
3,Form U2BU9
4,Form RNSQ7
5,Form LADJO
6,Form ZJ46X
7,Form C3X3G
8,Form 10NBH
9,Form 61OEP
10,Form 35P0G
11,Form 1MI3U
12,Form L862Y
13,Form 0L9RV
14,Form FLL3N
15,Form MI5R2
16,Form EUPAD
17,Form TL2L9
18,Form YXX4B
19,Form 68GVE
20,Form YFB9H
21,Form HFZSU
22,Form T9UEJ
23,Form RENYG
24,Form 4COP9
25,Form XWU9W
26,Form 2HOXS
27,Form JGJOM
28,Form I6K5M
29,Form NLC5N
30,Form S9ER9
31,Form H6SS1
32,Form HJVST
33,Form BLM4W
34,Form YMOAF
35,Form 4XQU7
36,Form FOXK8
37,Form VS3IB
38,Form KI3Z2
39,Form 7B9MJ
40,Form I5UN8
41,Form DP8OQ
42,Form AVHS6
43,Form ZYOUG
44,Form BEGJE
45,Form PUH7G
46,Form BFN54
47,Form 82V69
48,Form B1OJI
49,Form LKZ61
50,Form MJGUJ
51,Form E04I4
52,Form RMLHE
53,Form U5X1K
54,Form 368S2
55,Form QBO2X
56,Form RX36C
57,Form CBAMV
58,Form 8C976
59,Form 424NC
60,Form GDCMQ
61,Form QXP2X
62,Form S31MR
63,Form TYTSK
64,Form PJDWM
65,Form NTKHI
66,Form S0A5B
67,Form ZVP6D
68,Form 4F9HS
69,Form 649XM
70,Form KNSKN
71,Form DPE7T
72,Form MCAYG
73,Form GJWOA
74,Form NV7ES
75,Form TFF1N
76,Form XJI3A
77,Form YO865
78,Form KZXCC
79,Form YNDOD
80,Form RTNGB
81,Form RSGEE
82,Form XE3F8
83,Form TOJ7L
84,Form ZL10E
85,Form FC3RE
86,Form H984U
87,Form VNRRQ
88,Form WLJ4Q
89,Form XCJMN
90,Form 27RYT
91,Form 56J3E
92,Form AAD48
93,Form HHZ98
94,Form XIB0A
95,Form 7WX8A
96,Form VOUTJ
97,Form 5BTKW
98,Form TBMO8
99,Form 21ADE
100,Form VHPRR
101,Form Z28CX
102,Form 3B5MT
103,Form 6DLNX
104,Form B8UGQ
105,Form 8ONNQ
106,Form BMBPF
107,Form ZPJE2
108,Form 3EMI6
109,Form I9HWS
110,Form 9I0GZ
111,Form E9ET9
112,Form NUU5W
113,Form V7ND7
114,Form WXXTC
115,Form OE0U2
116,Form 3GORS
117,Form KHUEJ
118,Form RICN7
119,Form EJCSZ
120,Form VCWKE
121,Form INVHN
122,Form HFARA
123,Form TOBG4
124,Form 6MIP1
125,Form 6VG31
126,Form JKKJP
127,Form 67APC
128,Form IN87U
129,Form 9BDBK
130,Form BWD7S
131,Form MQID0
132,Form QE18B
133,Form HJN6N
134,Form OD9PV
135,Form 6KGW5
136,Form UIJTE
137,Form 2M3BO
138,Form K2M7S
139,Form BM8ZC
140,Form FY5QD
141,Form W9CQP
142,Form UDZY0
143,Form KAKXU
144,Form V91OB
145,Form PT8GP
146,Form 4EZNA
147,Form TEZK6
148,Form 8NVM1
149,Form JJ25V
150,Form 2XUI0
151,Form X7UY7
152,Form C2H4V
153,Form 94C3D
154,Form KARAQ
155,Form 5WGLX
156,Form 5Y7LF
157,Form G94PV
158,Form JNNMP
159,Form QX368
160,Form I13SW
161,Form PM4LF
162,Form 8OZSD
163,Form 5CC91
164,Form CWQQT
165,Form VQY0E
166,Form M7BGP
167,Form S1E2W
168,Form E187M
169,Form Y66KK
170,Form 071WM
171,Form LSKB1
172,Form G2GAJ
173,Form 4GJON
174,Form BN84B
175,Form 1NN1R
176,Form YYNMH
177,Form LI0VA
178,Form UB5HV
179,Form OYUMS
180,Form X4Y3J
181,Form H2C2U
182,Form JJ9FN
183,Form C3LH4
184,Form 58PUA
185,Form K8V6S
186,Form S1MAJ
187,Form 48MY6
188,Form PAWZU
189,Form M1RXT
190,Form 6KSFD
191,Form V4OKX
192,Form 2Z5TG
193,Form SP84A
194,Form HVIVE
195,Form QQ8SU
196,Form 3JT7Q
197,Form KZ7Z3
198,Form V7K77
199,Form EQWU7
200,Form O87OY
201,Form 3EH9B
202,Form RS68N
203,Form LLZ69
204,Form CMYVK
205,Form ZPIGF
206,Form YJRQ1
207,Form ZDCPK
208,Form NXVA1
209,Form P1CF9
210,Form TW280
211,Form BG9GS
212,Form WIIXZ
213,Form GF55G
214,Form IVGW4
215,Form OF4ON
216,Form W84LJ
217,Form M1WOS
218,Form Z2I5H
219,Form 8XMDE
220,Form G04CC
221,Form 4B69R
222,Form 4618S
223,Form 19XP2
224,Form XP0TX
225,Form FWWWJ
226,Form SHV6X
227,Form WTGGD
228,Form TM1QP
229,Form 134QZ
230,Form K0WN4
231,Form RYYE2
232,Form NKG2H
233,Form CHWYP
234,Form 4W8QI
235,Form PF62D
236,Form T02DI
237,Form 20V7S
238,Form JCRZ2
239,Form X7JOP
240,Form 5615P
241,Form CENLR
242,Form K6NZ3
243,Form CYH4N
244,Form IBF8G
245,Form CLCKH
246,Form CEOUN
247,Form 8UG09
248,Form JSM5N
249,Form DVHUO
250,Form HOBRU
251,Form QHLRS
252,Form KXKKI
253,Form 02A92
254,Form CDT9L
255,Form W1X09
256,Form OMJYP
257,Form U9WV2
258,Form 1XEFH
259,Form QC5VQ
260,Form 8S5J3
261,Form DMRQA
262,Form INNCW
263,Form S5RXS
264,Form 6LRPH
265,Form 7OI7Q
266,Form 8H56Z
267,Form IZFOC
268,Form A1RP7
269,Form 14YIM
270,Form XFC21
271,Form IE8G3
272,Form VMTUZ
273,Form IA8UF
274,Form 3NASK
275,Form M7PG0
276,Form ETH1A
277,Form 5A143
278,Form N5QP9
279,Form QGBZY
280,Form WU6Y8
281,Form EX647
282,Form YQFD3
283,Form KNOWR
284,Form WME89
285,Form DKP3E
286,Form ZAQ55
287,Form IMMNJ
288,Form DR47K
289,Form WYBQC
290,Form NYI8K
291,Form 6GVAJ
292,Form 7TAGB
293,Form LMO8E
294,Form G1X17
295,Form 6CM4L
296,Form IK5Y8
297,Form HCDXI
298,Form LBC4O
299,Form RDKZJ
300,Form LAUC4
