customerid,name,phone,email
1,Isabella Johnson,277-248-2583,isabella.johnson@test.net
2,Frank Smith,467-864-4707,frank.smith@example.com
3,Carol Johnson,849-943-4581,carol.johnson@mail.com
4,Emma Davis,987-223-6018,emma.davis@example.com
5,John Taylor,811-490-4550,john.taylor@example.com
6,Alice Williams,647-103-7197,alice.williams@test.net
7,Emma Davis,828-613-6744,emma.davis@example.com
8,Frank Brown,410-937-9030,frank.brown@sample.org
9,John Davis,111-656-2887,john.davis@mail.com
10,Henry Williams,834-750-5240,henry.williams@test.net
11,Carol Jones,641-535-1501,carol.jones@mail.com
12,Alice Brown,273-863-2056,alice.brown@sample.org
13,Isabella Williams,532-984-1381,isabella.williams@test.net
14,Henry Jones,768-473-2969,henry.jones@test.net
15,John Garcia,580-316-4182,john.garcia@mail.com
16,Isabella Taylor,889-775-2216,isabella.taylor@mail.com
17,Isabella Jones,832-311-5717,isabella.jones@test.net
18,Henry Johnson,959-999-2703,henry.johnson@mail.com
19,John Johnson,790-203-4198,john.johnson@test.net
20,David Smith,588-539-9981,david.smith@mail.com
21,Frank Smith,655-549-8074,frank.smith@example.com
22,Alice Martinez,605-809-8209,alice.martinez@test.net
23,Frank Garcia,926-187-9957,frank.garcia@sample.org
24,John Martinez,330-813-4782,john.martinez@example.com
25,Grace Williams,707-488-5339,grace.williams@mail.com
26,David Smith,393-808-7342,david.smith@mail.com
27,Frank Williams,182-501-6073,frank.williams@sample.org
28,David Wilson,718-204-3440,david.wilson@mail.com
29,Emma Williams,503-405-8281,emma.williams@sample.org
30,Isabella Wilson,383-321-7225,isabella.wilson@example.com
31,Bob Smith,293-815-8439,bob.smith@mail.com
32,Carol Davis,283-831-1537,carol.davis@test.net
33,Emma Johnson,532-417-1911,emma.johnson@test.net
34,David Johnson,972-888-4841,david.johnson@sample.org
35,Bob Johnson,333-246-3480,bob.johnson@sample.org
36,Emma Wilson,733-178-5374,emma.wilson@example.com
37,Isabella Davis,124-108-6360,isabella.davis@example.com
38,Bob Williams,235-646-6324,bob.williams@test.net
39,Grace Garcia,276-641-4866,grace.garcia@test.net
40,Bob Smith,178-395-7206,bob.smith@test.net
41,Carol Garcia,569-538-7129,carol.garcia@test.net
42,Isabella Wilson,566-181-6994,isabella.wilson@example.com
43,Alice Taylor,124-515-7916,alice.taylor@sample.org
44,Emma Smith,107-861-4589,emma.smith@sample.org
45,Alice Jones,870-763-4227,alice.jones@sample.org
46,Carol Brown,195-609-9191,carol.brown@example.com
47,Henry Smith,988-954-8045,henry.smith@test.net
48,David Martinez,822-344-5786,david.martinez@mail.com
49,Henry Wilson,828-405-2268,henry.wilson@mail.com
50,Alice Martinez,667-477-6149,alice.martinez@mail.com
51,Isabella Taylor,809-326-5787,isabella.taylor@mail.com
52,Frank Davis,860-721-5235,frank.davis@example.com
53,Grace Wilson,365-424-8375,grace.wilson@example.com
54,John Jones,232-249-8265,john.jones@example.com
55,David Garcia,661-705-4379,david.garcia@test.net
56,Isabella Taylor,236-235-2636,isabella.taylor@sample.org
57,Grace Williams,133-805-6704,grace.williams@example.com
58,John Johnson,738-141-8655,john.johnson@sample.org
59,David Johnson,961-679-3778,david.johnson@sample.org
60,David Wilson,804-426-5868,david.wilson@mail.com
61,John Taylor,352-246-2099,john.taylor@sample.org
62,David Garcia,108-929-9221,david.garcia@mail.com
63,Emma Williams,997-816-3582,emma.williams@mail.com
64,Emma Davis,457-931-7127,emma.davis@test.net
65,Frank Smith,159-372-7041,frank.smith@example.com
66,Emma Taylor,134-827-3081,emma.taylor@sample.org
67,Bob Wilson,242-938-8873,bob.wilson@example.com
68,Frank Smith,177-446-2428,frank.smith@mail.com
69,Alice Brown,387-347-1350,alice.brown@example.com
70,Bob Taylor,950-410-2966,bob.taylor@test.net
71,Henry Smith,787-449-8663,henry.smith@example.com
72,Isabella Wilson,275-497-6162,isabella.wilson@test.net
73,John Johnson,359-973-3691,john.johnson@example.com
74,Carol Wilson,934-539-2076,carol.wilson@test.net
75,Alice Martinez,411-345-4764,alice.martinez@test.net
76,John Brown,872-489-8053,john.brown@mail.com
77,Emma Jones,806-427-3899,emma.jones@mail.com
78,Carol Williams,131-592-1118,carol.williams@mail.com
79,John Brown,567-480-9383,john.brown@test.net
80,Frank Brown,796-174-2716,frank.brown@test.net
81,Grace Jones,720-330-1153,grace.jones@mail.com
82,Isabella Garcia,122-420-5552,isabella.garcia@sample.org
83,Grace Taylor,262-772-7181,grace.taylor@example.com
84,David Davis,217-739-4418,david.davis@test.net
85,Grace Garcia,681-846-4841,grace.garcia@sample.org
86,David Davis,821-290-5285,david.davis@mail.com
87,Henry Williams,817-638-6428,henry.williams@test.net
88,Bob Taylor,173-251-7684,bob.taylor@example.com
89,Grace Smith,583-701-9019,grace.smith@example.com
90,Henry Martinez,330-367-2039,henry.martinez@mail.com
91,Emma Garcia,432-907-4585,emma.garcia@mail.com
92,Grace Brown,512-132-7262,grace.brown@example.com
93,Bob Jones,678-820-9655,bob.jones@sample.org
94,Carol Martinez,722-839-7730,carol.martinez@sample.org
95,John Wilson,231-847-3090,john.wilson@mail.com
96,David Garcia,389-612-1129,david.garcia@example.com
97,Emma Jones,322-440-7630,emma.jones@sample.org
98,Henry Jones,764-720-7642,henry.jones@sample.org
99,Henry Johnson,983-998-2340,henry.johnson@sample.org
100,Isabella Jones,311-423-2980,isabella.jones@test.net
101,John Williams,466-336-7399,john.williams@example.com
102,Emma Taylor,173-776-3082,emma.taylor@test.net
103,John Davis,240-636-6464,john.davis@example.com
104,Alice Jones,595-841-5178,alice.jones@sample.org
105,Frank Smith,321-342-3157,frank.smith@sample.org
106,Grace Martinez,761-598-8832,grace.martinez@test.net
107,Bob Garcia,880-690-5555,bob.garcia@test.net
108,Bob Garcia,168-275-4259,bob.garcia@sample.org
109,Emma Wilson,446-636-8231,emma.wilson@mail.com
110,Henry Jones,718-515-1557,henry.jones@mail.com
111,Alice Johnson,672-319-4088,alice.johnson@test.net
112,Isabella Jones,168-380-1377,isabella.jones@test.net
113,Isabella Wilson,867-769-1055,isabella.wilson@example.com
114,John Taylor,757-627-1149,john.taylor@mail.com
115,Bob Johnson,517-571-9547,bob.johnson@test.net
116,John Brown,850-976-2245,john.brown@sample.org
117,Isabella Smith,858-433-1990,isabella.smith@mail.com
118,Alice Smith,745-920-8298,alice.smith@test.net
119,Bob Brown,138-675-8024,bob.brown@sample.org
120,Carol Wilson,706-248-2061,carol.wilson@mail.com
121,Bob Davis,493-853-9500,bob.davis@example.com
122,Frank Wilson,253-416-8621,frank.wilson@test.net
123,Alice Williams,193-436-3685,alice.williams@sample.org
124,Isabella Davis,541-571-6276,isabella.davis@mail.com
125,David Davis,623-638-1126,david.davis@mail.com
126,John Davis,675-725-1265,john.davis@mail.com
127,Carol Williams,507-571-2977,carol.williams@test.net
128,Frank Garcia,987-664-4849,frank.garcia@test.net
129,Frank Taylor,271-164-8001,frank.taylor@test.net
130,Henry Taylor,982-583-7785,henry.taylor@sample.org
131,Bob Davis,634-969-4570,bob.davis@example.com
132,Henry Taylor,482-371-9480,henry.taylor@mail.com
133,David Garcia,343-972-7540,david.garcia@mail.com
134,Emma Davis,406-444-8908,emma.davis@test.net
135,Henry Williams,974-433-2127,henry.williams@test.net
136,Isabella Jones,551-547-3995,isabella.jones@test.net
137,Grace Davis,259-179-1665,grace.davis@test.net
138,Isabella Wilson,194-189-5251,isabella.wilson@test.net
139,Henry Johnson,197-381-5869,henry.johnson@example.com
140,Frank Garcia,219-929-2741,frank.garcia@test.net
141,Alice Smith,250-679-5769,alice.smith@example.com
142,John Smith,852-437-5179,john.smith@mail.com
143,Bob Taylor,663-605-4767,bob.taylor@test.net
144,Grace Taylor,646-569-7544,grace.taylor@example.com
145,Grace Martinez,611-403-9410,grace.martinez@example.com
146,Grace Taylor,666-233-9213,grace.taylor@test.net
147,Isabella Garcia,185-975-7091,isabella.garcia@mail.com
148,Henry Wilson,853-236-7873,henry.wilson@example.com
149,Isabella Garcia,518-219-7128,isabella.garcia@example.com
150,Henry Garcia,913-987-8671,henry.garcia@test.net
151,Frank Jones,651-781-9980,frank.jones@sample.org
152,Henry Martinez,203-920-2719,henry.martinez@mail.com
153,Isabella Smith,645-510-1089,isabella.smith@mail.com
154,Alice Garcia,518-389-1992,alice.garcia@sample.org
155,Carol Taylor,715-361-6295,carol.taylor@example.com
156,Alice Jones,214-775-3180,alice.jones@test.net
157,Alice Smith,522-985-4304,alice.smith@test.net
158,Bob Williams,289-236-3219,bob.williams@example.com
159,Alice Wilson,599-730-5371,alice.wilson@test.net
160,Alice Jones,639-273-1892,alice.jones@example.com
161,Henry Jones,542-317-6489,henry.jones@sample.org
162,John Smith,536-632-6690,john.smith@sample.org
163,Carol Jones,649-560-1813,carol.jones@test.net
164,John Brown,264-376-8859,john.brown@example.com
165,David Johnson,559-430-3358,david.johnson@sample.org
166,Isabella Smith,787-567-4165,isabella.smith@test.net
167,Grace Martinez,500-708-2418,grace.martinez@sample.org
168,Grace Jones,659-870-7291,grace.jones@mail.com
169,Isabella Davis,141-199-5468,isabella.davis@sample.org
170,Frank Smith,400-492-1828,frank.smith@mail.com
171,Carol Taylor,284-309-7858,carol.taylor@sample.org
172,Emma Davis,905-658-3278,emma.davis@sample.org
173,Carol Williams,181-472-1556,carol.williams@test.net
174,Frank Davis,107-580-4023,frank.davis@test.net
175,Alice Martinez,879-641-9454,alice.martinez@test.net
176,Alice Brown,267-440-6311,alice.brown@test.net
177,Henry Jones,690-703-9052,henry.jones@mail.com
178,David Smith,286-326-8997,david.smith@example.com
179,Isabella Williams,290-527-1444,isabella.williams@example.com
180,Frank Davis,451-977-1361,frank.davis@sample.org
181,Grace Wilson,554-312-6356,grace.wilson@example.com
182,Henry Davis,151-412-5639,henry.davis@sample.org
183,Alice Martinez,853-289-3695,alice.martinez@test.net
184,John Garcia,896-394-8183,john.garcia@mail.com
185,Alice Wilson,541-349-2049,alice.wilson@test.net
186,Bob Taylor,429-191-2673,bob.taylor@test.net
187,John Williams,898-431-3729,john.williams@test.net
188,Emma Martinez,346-927-7569,emma.martinez@test.net
189,Alice Wilson,299-602-7258,alice.wilson@test.net
190,Carol Brown,973-561-2791,carol.brown@mail.com
191,Emma Smith,917-590-4025,emma.smith@example.com
192,Carol Wilson,745-568-3422,carol.wilson@test.net
193,Bob Garcia,328-838-2297,bob.garcia@example.com
194,John Wilson,559-221-5046,john.wilson@example.com
195,Carol Taylor,256-879-3865,carol.taylor@mail.com
196,Isabella Johnson,864-940-7973,isabella.johnson@mail.com
197,Frank Garcia,223-940-3867,frank.garcia@example.com
198,Bob Wilson,901-421-1962,bob.wilson@sample.org
199,Grace Williams,967-812-1886,grace.williams@sample.org
200,Isabella Smith,217-906-1449,isabella.smith@mail.com
201,Frank Martinez,768-781-4092,frank.martinez@sample.org
202,Emma Wilson,365-133-7171,emma.wilson@example.com
203,John Wilson,427-924-1697,john.wilson@sample.org
204,Henry Smith,371-935-9391,henry.smith@sample.org
205,David Wilson,668-289-2415,david.wilson@sample.org
206,Alice Garcia,846-131-5005,alice.garcia@example.com
207,Isabella Wilson,397-625-4836,isabella.wilson@sample.org
208,Carol Taylor,195-317-6873,carol.taylor@sample.org
209,Henry Brown,268-693-2693,henry.brown@test.net
210,Henry Johnson,297-687-2641,henry.johnson@mail.com
211,Bob Williams,345-947-8346,bob.williams@example.com
212,Bob Johnson,546-856-3914,bob.johnson@sample.org
213,Grace Martinez,747-444-2901,grace.martinez@mail.com
214,John Martinez,790-863-6781,john.martinez@test.net
215,John Williams,894-133-5553,john.williams@sample.org
216,John Davis,639-353-2802,john.davis@sample.org
217,Emma Wilson,923-214-4380,emma.wilson@sample.org
218,Henry Jones,742-101-8440,henry.jones@mail.com
219,David Garcia,835-116-4725,david.garcia@test.net
220,Bob Davis,317-906-7878,bob.davis@test.net
221,Alice Smith,688-278-5091,alice.smith@sample.org
222,Alice Smith,968-665-6624,alice.smith@test.net
223,Frank Jones,781-666-4450,frank.jones@example.com
224,Bob Wilson,466-352-5048,bob.wilson@test.net
225,Alice Wilson,560-284-7627,alice.wilson@test.net
226,Henry Garcia,840-306-5243,henry.garcia@sample.org
227,John Brown,425-755-6370,john.brown@mail.com
228,Carol Johnson,132-189-3239,carol.johnson@sample.org
229,Alice Brown,637-913-4886,alice.brown@example.com
230,John Smith,986-977-1540,john.smith@mail.com
231,John Wilson,459-120-2455,john.wilson@example.com
232,Alice Martinez,833-883-2964,alice.martinez@mail.com
233,John Johnson,828-327-1526,john.johnson@example.com
234,Frank Brown,902-993-7795,frank.brown@mail.com
235,Frank Davis,743-386-8513,frank.davis@sample.org
236,Grace Brown,596-189-1449,grace.brown@sample.org
237,Bob Johnson,795-125-3479,bob.johnson@mail.com
238,John Martinez,676-697-9474,john.martinez@example.com
239,John Williams,215-940-6059,john.williams@test.net
240,Isabella Brown,725-514-5185,isabella.brown@test.net
241,Carol Jones,667-935-8149,carol.jones@test.net
242,Bob Davis,870-840-3955,bob.davis@sample.org
243,Alice Wilson,553-807-8018,alice.wilson@example.com
244,David Johnson,163-320-8867,david.johnson@example.com
245,Bob Jones,660-930-8558,bob.jones@sample.org
246,Isabella Smith,825-307-8900,isabella.smith@example.com
247,David Johnson,587-696-7873,david.johnson@test.net
248,Henry Garcia,946-836-8255,henry.garcia@test.net
249,Bob Martinez,459-798-8268,bob.martinez@mail.com
250,Frank Johnson,984-883-8491,frank.johnson@sample.org
251,David Williams,591-605-2601,david.williams@mail.com
252,Emma Brown,688-862-2326,emma.brown@example.com
253,Alice Davis,331-315-4223,alice.davis@test.net
254,Frank Brown,360-350-2990,frank.brown@sample.org
255,Henry Smith,653-913-9194,henry.smith@test.net
256,Carol Johnson,143-821-6882,carol.johnson@example.com
257,Carol Taylor,616-427-3957,carol.taylor@sample.org
258,Frank Smith,876-990-7616,frank.smith@example.com
259,Emma Johnson,143-486-2417,emma.johnson@test.net
260,Isabella Garcia,259-617-3875,isabella.garcia@test.net
261,Frank Martinez,350-238-5088,frank.martinez@mail.com
262,John Garcia,989-715-2540,john.garcia@sample.org
263,Emma Johnson,515-640-7378,emma.johnson@sample.org
264,Henry Wilson,573-321-4546,henry.wilson@mail.com
265,Grace Jones,460-138-8157,grace.jones@example.com
266,Alice Martinez,520-754-3530,alice.martinez@test.net
267,Alice Johnson,453-205-1552,alice.johnson@test.net
268,John Taylor,631-333-4315,john.taylor@sample.org
269,Isabella Wilson,833-506-8402,isabella.wilson@mail.com
270,Emma Wilson,618-137-3035,emma.wilson@example.com
271,Alice Johnson,388-321-9423,alice.johnson@test.net
272,Grace Jones,329-484-1302,grace.jones@sample.org
273,Henry Jones,526-306-9605,henry.jones@mail.com
274,Alice Jones,139-413-5896,alice.jones@test.net
275,Henry Wilson,659-762-7778,henry.wilson@example.com
276,Grace Garcia,264-948-9078,grace.garcia@mail.com
277,Emma Martinez,455-577-8913,emma.martinez@example.com
278,Carol Williams,615-345-5186,carol.williams@sample.org
279,Isabella Wilson,691-530-1609,isabella.wilson@example.com
280,David Wilson,772-678-8871,david.wilson@mail.com
281,Carol Davis,110-931-9472,carol.davis@example.com
282,Isabella Martinez,310-250-2828,isabella.martinez@example.com
283,Alice Davis,120-935-7604,alice.davis@example.com
284,Henry Smith,576-828-3292,henry.smith@example.com
285,David Johnson,109-206-7556,david.johnson@sample.org
286,David Taylor,723-332-3772,david.taylor@mail.com
287,Henry Taylor,805-396-4330,henry.taylor@test.net
288,Carol Martinez,643-230-8903,carol.martinez@test.net
289,Emma Wilson,249-403-6211,emma.wilson@sample.org
290,Isabella Jones,931-707-4240,isabella.jones@test.net
291,Frank Wilson,191-134-4739,frank.wilson@mail.com
292,Bob Brown,331-400-8498,bob.brown@mail.com
293,David Davis,995-615-3077,david.davis@mail.com
294,Bob Williams,975-669-4060,bob.williams@mail.com
295,Grace Williams,170-742-4271,grace.williams@test.net
296,Bob Johnson,622-454-8701,bob.johnson@sample.org
297,Isabella Brown,886-743-7520,isabella.brown@sample.org
298,Henry Jones,743-685-5552,henry.jones@example.com
299,Emma Davis,674-912-7903,emma.davis@test.net
300,Alice Garcia,791-983-8288,alice.garcia@mail.com
301,David Garcia,947-414-7485,david.garcia@test.net
302,Grace Davis,469-931-4321,grace.davis@example.com
303,Carol Jones,803-238-4134,carol.jones@mail.com
304,Henry Wilson,800-812-1857,henry.wilson@test.net
305,Alice Williams,848-303-3711,alice.williams@mail.com
306,David Taylor,823-919-9660,david.taylor@sample.org
307,Alice Martinez,759-326-7454,alice.martinez@example.com
308,David Davis,587-141-2186,david.davis@example.com
309,Carol Jones,786-281-9961,carol.jones@mail.com
310,Emma Williams,780-805-5835,emma.williams@test.net
311,Grace Smith,641-626-6510,grace.smith@sample.org
312,John Garcia,435-990-4933,john.garcia@mail.com
313,Alice Johnson,821-578-6134,alice.johnson@sample.org
314,Henry Brown,479-412-1224,henry.brown@example.com
315,David Martinez,282-579-4734,david.martinez@example.com
316,Emma Davis,113-735-3380,emma.davis@mail.com
317,Emma Martinez,379-346-5160,emma.martinez@mail.com
318,Bob Smith,429-613-8426,bob.smith@mail.com
319,John Martinez,948-474-8701,john.martinez@sample.org
320,John Taylor,602-683-5801,john.taylor@mail.com
321,Emma Taylor,330-405-3284,emma.taylor@mail.com
322,Frank Brown,270-888-4589,frank.brown@mail.com
323,Alice Smith,406-905-4280,alice.smith@mail.com
324,Isabella Jones,138-954-6897,isabella.jones@mail.com
325,Grace Smith,874-672-2877,grace.smith@mail.com
326,David Brown,961-684-1799,david.brown@mail.com
327,Grace Jones,830-202-2675,grace.jones@sample.org
328,Grace Smith,407-985-2870,grace.smith@mail.com
329,Isabella Jones,238-801-4394,isabella.jones@test.net
330,Alice Jones,253-601-3166,alice.jones@sample.org
331,Emma Garcia,690-405-6304,emma.garcia@sample.org
332,Henry Garcia,394-665-1460,henry.garcia@mail.com
333,Emma Wilson,118-102-6143,emma.wilson@sample.org
334,Frank Garcia,237-696-6472,frank.garcia@sample.org
335,Alice Garcia,553-323-3216,alice.garcia@mail.com
336,David Wilson,669-530-7124,david.wilson@test.net
337,John Wilson,680-778-2801,john.wilson@mail.com
338,John Davis,430-306-9567,john.davis@sample.org
339,Bob Jones,472-961-6318,bob.jones@mail.com
340,Alice Brown,848-398-2025,alice.brown@sample.org
341,David Wilson,841-664-2977,david.wilson@mail.com
342,Bob Taylor,384-547-2227,bob.taylor@sample.org
343,John Jones,100-117-9332,john.jones@sample.org
344,Isabella Taylor,875-657-5316,isabella.taylor@mail.com
345,Bob Martinez,431-124-1463,bob.martinez@test.net
346,Isabella Jones,598-738-7161,isabella.jones@example.com
347,Bob Davis,597-481-9178,bob.davis@mail.com
348,John Garcia,668-855-8497,john.garcia@test.net
349,Isabella Williams,895-264-1330,isabella.williams@example.com
350,Carol Wilson,775-330-9854,carol.wilson@example.com
351,Isabella Brown,873-668-2185,isabella.brown@test.net
352,Emma Martinez,269-923-1848,emma.martinez@mail.com
353,Bob Johnson,657-838-6086,bob.johnson@sample.org
354,Frank Davis,110-131-1059,frank.davis@sample.org
355,Bob Davis,128-262-9018,bob.davis@mail.com
356,Henry Brown,146-389-5285,henry.brown@mail.com
357,Grace Martinez,655-673-2667,grace.martinez@test.net
358,Emma Davis,278-709-8190,emma.davis@sample.org
359,Alice Brown,247-855-4484,alice.brown@test.net
360,Carol Brown,960-561-2502,carol.brown@test.net
361,Grace Brown,423-302-1734,grace.brown@sample.org
362,Frank Wilson,756-805-3136,frank.wilson@test.net
363,Henry Johnson,758-623-4720,henry.johnson@sample.org
364,Henry Jones,198-294-7956,henry.jones@test.net
365,Alice Brown,895-829-5805,alice.brown@test.net
366,Henry Taylor,270-496-5056,henry.taylor@test.net
367,Isabella Martinez,840-385-6119,isabella.martinez@example.com
368,Emma Johnson,143-883-8754,emma.johnson@example.com
369,Alice Brown,244-913-1388,alice.brown@mail.com
370,Isabella Garcia,348-272-1698,isabella.garcia@test.net
371,David Williams,554-535-8279,david.williams@example.com
372,Henry Johnson,185-653-9398,henry.johnson@test.net
373,Carol Davis,794-316-6848,carol.davis@example.com
374,Carol Jones,628-377-5711,carol.jones@sample.org
375,Carol Taylor,614-232-9773,carol.taylor@test.net
376,John Smith,966-830-6068,john.smith@sample.org
377,Henry Garcia,276-511-6011,henry.garcia@sample.org
378,Isabella Williams,395-766-6010,isabella.williams@example.com
379,Alice Martinez,622-469-7572,alice.martinez@example.com
380,Isabella Taylor,688-902-2558,isabella.taylor@mail.com
381,Frank Johnson,541-717-7674,frank.johnson@sample.org
382,Alice Williams,929-800-4332,alice.williams@sample.org
383,Bob Taylor,283-484-9501,bob.taylor@test.net
384,Emma Brown,341-810-7868,emma.brown@test.net
385,Carol Garcia,451-515-7425,carol.garcia@example.com
386,Emma Brown,570-309-8046,emma.brown@sample.org
387,Carol Garcia,566-331-6145,carol.garcia@sample.org
388,Isabella Taylor,854-913-4342,isabella.taylor@test.net
389,John Williams,319-859-3398,john.williams@mail.com
390,Henry Davis,678-618-3383,henry.davis@example.com
391,Bob Taylor,542-758-3248,bob.taylor@sample.org
392,Frank Brown,526-716-5321,frank.brown@mail.com
393,John Davis,967-413-6264,john.davis@example.com
394,Isabella Jones,591-862-7870,isabella.jones@test.net
395,Grace Brown,991-229-1536,grace.brown@sample.org
396,Bob Wilson,599-274-9072,bob.wilson@mail.com
397,Emma Jones,496-439-5479,emma.jones@mail.com
398,Henry Smith,705-781-5656,henry.smith@mail.com
399,David Taylor,640-905-2256,david.taylor@mail.com
400,Frank Garcia,955-139-5170,frank.garcia@test.net
401,Henry Wilson,480-681-2853,henry.wilson@sample.org
402,Alice Davis,165-724-5195,alice.davis@sample.org
403,Carol Smith,297-268-9032,carol.smith@test.net
404,Alice Wilson,794-809-9089,alice.wilson@example.com
405,Carol Jones,630-261-4997,carol.jones@test.net
406,Carol Taylor,827-303-5764,carol.taylor@mail.com
407,Bob Brown,819-989-5706,bob.brown@example.com
408,Carol Brown,972-739-7515,carol.brown@sample.org
409,Frank Williams,528-291-2611,frank.williams@example.com
410,Bob Johnson,439-120-6804,bob.johnson@sample.org
411,David Taylor,273-599-9721,david.taylor@sample.org
412,David Johnson,330-656-2125,david.johnson@sample.org
413,David Taylor,445-850-4143,david.taylor@mail.com
414,John Williams,563-138-6494,john.williams@test.net
415,Bob Garcia,460-188-5108,bob.garcia@test.net
416,Bob Garcia,406-230-7508,bob.garcia@test.net
417,Alice Taylor,319-511-5179,alice.taylor@mail.com
418,Bob Garcia,498-665-2649,bob.garcia@sample.org
419,Isabella Brown,688-587-4528,isabella.brown@example.com
420,Bob Davis,351-432-3743,bob.davis@test.net
421,Frank Johnson,495-683-9557,frank.johnson@mail.com
422,John Jones,691-660-5236,john.jones@test.net
423,Isabella Brown,250-609-2147,isabella.brown@test.net
424,Frank Smith,580-218-3468,frank.smith@mail.com
425,Isabella Wilson,878-882-8816,isabella.wilson@test.net
426,John Brown,556-618-4566,john.brown@mail.com
427,Alice Smith,226-715-4230,alice.smith@sample.org
428,David Brown,871-315-6015,david.brown@example.com
429,Frank Garcia,950-791-7515,frank.garcia@test.net
430,Bob Johnson,588-592-1482,bob.johnson@test.net
431,Frank Wilson,224-738-7581,frank.wilson@mail.com
432,Alice Williams,669-106-2966,alice.williams@example.com
433,Bob Williams,880-970-9448,bob.williams@mail.com
434,Frank Johnson,800-276-3233,frank.johnson@test.net
435,John Wilson,536-469-7674,john.wilson@mail.com
436,David Taylor,664-477-9969,david.taylor@mail.com
437,Alice Martinez,734-803-9125,alice.martinez@test.net
438,John Taylor,908-631-7411,john.taylor@sample.org
439,Carol Johnson,932-913-5182,carol.johnson@sample.org
440,Carol Garcia,482-708-1849,carol.garcia@test.net
441,Grace Wilson,484-743-9299,grace.wilson@example.com
442,Henry Taylor,598-688-1174,henry.taylor@example.com
443,Grace Taylor,902-233-5131,grace.taylor@example.com
444,Bob Brown,288-366-6175,bob.brown@test.net
445,Frank Davis,928-272-1230,frank.davis@sample.org
446,Isabella Williams,836-840-5491,isabella.williams@mail.com
447,Grace Martinez,451-106-8318,grace.martinez@sample.org
448,Henry Davis,204-764-8251,henry.davis@example.com
449,Emma Wilson,573-376-5922,emma.wilson@test.net
450,Carol Martinez,693-349-3145,carol.martinez@example.com
451,Isabella Brown,738-275-4742,isabella.brown@sample.org
452,David Johnson,746-129-5769,david.johnson@example.com
453,Alice Smith,524-400-3766,alice.smith@mail.com
454,Alice Smith,609-235-7710,alice.smith@mail.com
455,Frank Wilson,503-274-6041,frank.wilson@mail.com
456,Frank Martinez,567-334-4973,frank.martinez@mail.com
457,Grace Davis,871-635-7134,grace.davis@sample.org
458,Emma Jones,514-371-3688,emma.jones@test.net
459,Frank Brown,194-978-5759,frank.brown@test.net
460,Alice Williams,843-482-2891,alice.williams@test.net
461,Henry Johnson,409-389-9216,henry.johnson@test.net
462,Frank Garcia,657-293-8003,frank.garcia@test.net
463,John Taylor,214-228-5179,john.taylor@sample.org
464,Alice Johnson,653-693-5370,alice.johnson@test.net
465,Frank Jones,971-257-4658,frank.jones@test.net
466,Frank Garcia,153-399-9183,frank.garcia@test.net
467,Grace Brown,681-789-2908,grace.brown@mail.com
468,Carol Martinez,494-878-6074,carol.martinez@example.com
469,Carol Taylor,549-245-6599,carol.taylor@example.com
470,Emma Williams,398-204-9109,emma.williams@test.net
471,Grace Johnson,105-172-8997,grace.johnson@test.net
472,Isabella Johnson,721-803-8339,isabella.johnson@example.com
473,David Davis,693-149-1950,david.davis@example.com
474,David Taylor,861-319-7197,david.taylor@sample.org
475,Alice Brown,320-680-4609,alice.brown@mail.com
476,Henry Williams,980-323-5939,henry.williams@mail.com
477,John Brown,197-115-6151,john.brown@sample.org
478,Henry Davis,106-478-4608,henry.davis@test.net
479,Emma Wilson,635-879-6121,emma.wilson@test.net
480,Frank Martinez,442-182-8065,frank.martinez@mail.com
481,Frank Garcia,217-369-2493,frank.garcia@sample.org
482,Frank Taylor,274-713-5176,frank.taylor@sample.org
483,Carol Brown,359-127-1377,carol.brown@mail.com
484,Emma Wilson,792-523-1843,emma.wilson@sample.org
485,Bob Wilson,900-451-8850,bob.wilson@test.net
486,Carol Garcia,432-295-7025,carol.garcia@sample.org
487,Henry Wilson,113-507-3266,henry.wilson@mail.com
488,Frank Johnson,499-342-1803,frank.johnson@mail.com
489,Henry Taylor,904-675-3812,henry.taylor@sample.org
490,Isabella Taylor,969-723-9423,isabella.taylor@mail.com
491,Emma Jones,625-344-1320,emma.jones@mail.com
492,Grace Johnson,857-217-9810,grace.johnson@mail.com
493,Alice Smith,292-465-9026,alice.smith@test.net
494,Emma Brown,807-590-1179,emma.brown@sample.org
495,Carol Taylor,480-959-7137,carol.taylor@test.net
496,Isabella Brown,507-373-8539,isabella.brown@sample.org
497,David Jones,943-358-5042,david.jones@sample.org
498,Emma Jones,948-474-3204,emma.jones@mail.com
499,Isabella Taylor,142-263-4153,isabella.taylor@example.com
500,Bob Smith,249-438-2770,bob.smith@sample.org
501,David Smith,181-609-4244,david.smith@test.net
502,Frank Jones,818-352-1154,frank.jones@mail.com
503,David Brown,440-838-3071,david.brown@mail.com
504,Isabella Davis,668-618-2098,isabella.davis@sample.org
505,Grace Brown,922-432-2821,grace.brown@mail.com
506,Grace Garcia,151-343-5249,grace.garcia@mail.com
507,Alice Garcia,375-792-2608,alice.garcia@sample.org
508,Alice Jones,829-941-9929,alice.jones@mail.com
509,Henry Jones,418-636-4225,henry.jones@sample.org
510,Alice Garcia,158-656-9814,alice.garcia@test.net
511,Grace Martinez,414-353-9144,grace.martinez@example.com
512,Carol Taylor,888-947-2570,carol.taylor@test.net
513,Frank Davis,692-822-4497,frank.davis@example.com
514,Grace Williams,610-279-8931,grace.williams@mail.com
515,Isabella Garcia,667-559-3354,isabella.garcia@test.net
516,Bob Davis,795-500-8023,bob.davis@example.com
517,Bob Wilson,646-733-3903,bob.wilson@test.net
518,Carol Davis,924-459-3893,carol.davis@example.com
519,Isabella Jones,530-487-7255,isabella.jones@example.com
520,John Jones,102-162-8671,john.jones@example.com
521,Henry Smith,783-179-4146,henry.smith@sample.org
522,Alice Brown,337-953-1232,alice.brown@example.com
523,Frank Davis,738-217-1961,frank.davis@example.com
524,Frank Smith,831-466-5141,frank.smith@example.com
525,Isabella Jones,592-320-9115,isabella.jones@sample.org
526,John Johnson,667-364-6732,john.johnson@test.net
527,Carol Smith,590-768-2928,carol.smith@test.net
528,Alice Martinez,572-331-1198,alice.martinez@sample.org
529,John Wilson,272-519-7982,john.wilson@mail.com
530,John Davis,770-586-3126,john.davis@example.com
531,Alice Brown,455-332-3248,alice.brown@mail.com
532,Carol Taylor,964-281-8516,carol.taylor@sample.org
533,Henry Smith,963-221-8978,henry.smith@sample.org
534,Frank Johnson,859-868-6565,frank.johnson@mail.com
535,Bob Jones,708-931-8422,bob.jones@sample.org
536,David Martinez,158-674-6938,david.martinez@sample.org
537,John Jones,316-521-2154,john.jones@sample.org
538,Henry Wilson,116-477-6312,henry.wilson@mail.com
539,Alice Johnson,981-828-5158,alice.johnson@test.net
540,David Williams,317-964-8073,david.williams@example.com
541,John Martinez,817-845-1078,john.martinez@sample.org
542,Isabella Wilson,741-850-8606,isabella.wilson@test.net
543,Carol Taylor,745-430-8059,carol.taylor@mail.com
544,David Jones,238-328-5654,david.jones@mail.com
545,Isabella Johnson,501-568-6655,isabella.johnson@sample.org
546,Isabella Martinez,634-753-5206,isabella.martinez@sample.org
547,Bob Wilson,263-489-9042,bob.wilson@test.net
548,Carol Garcia,575-252-6279,carol.garcia@mail.com
549,David Williams,323-889-4168,david.williams@example.com
550,Henry Wilson,587-668-5575,henry.wilson@sample.org
551,Bob Johnson,658-764-4696,bob.johnson@example.com
552,Frank Johnson,845-777-4302,frank.johnson@sample.org
553,Isabella Smith,351-354-5550,isabella.smith@sample.org
554,Carol Williams,752-593-2833,carol.williams@sample.org
555,John Martinez,808-675-4387,john.martinez@mail.com
556,John Martinez,297-951-9243,john.martinez@mail.com
557,Carol Jones,757-848-7605,carol.jones@test.net
558,John Jones,413-592-2496,john.jones@example.com
559,Isabella Davis,131-422-8309,isabella.davis@mail.com
560,John Davis,598-966-5827,john.davis@mail.com
561,Henry Taylor,889-448-4480,henry.taylor@mail.com
562,Grace Martinez,324-684-1099,grace.martinez@mail.com
563,Carol Martinez,659-300-3728,carol.martinez@example.com
564,Henry Wilson,959-421-4717,henry.wilson@mail.com
565,Emma Davis,365-839-5935,emma.davis@test.net
566,David Davis,443-235-8948,david.davis@sample.org
567,Grace Williams,678-879-7450,grace.williams@example.com
568,Emma Smith,860-113-4747,emma.smith@mail.com
569,Bob Martinez,200-619-9012,bob.martinez@mail.com
570,Alice Taylor,678-885-5792,alice.taylor@test.net
571,Bob Taylor,554-961-9505,bob.taylor@example.com
572,Carol Williams,476-139-1215,carol.williams@mail.com
573,Grace Taylor,315-715-3895,grace.taylor@test.net
574,Alice Taylor,731-520-2222,alice.taylor@mail.com
575,Isabella Williams,186-693-4135,isabella.williams@sample.org
576,Bob Garcia,539-168-9712,bob.garcia@test.net
577,David Williams,115-508-9153,david.williams@sample.org
578,Emma Davis,753-977-5436,emma.davis@sample.org
579,Alice Johnson,802-403-3177,alice.johnson@example.com
580,Alice Davis,177-810-8534,alice.davis@mail.com
581,Bob Williams,384-869-4082,bob.williams@test.net
582,Bob Johnson,595-175-6325,bob.johnson@test.net
583,Bob Taylor,314-126-4333,bob.taylor@mail.com
584,Carol Smith,851-296-5278,carol.smith@mail.com
585,John Williams,532-786-7088,john.williams@mail.com
586,David Brown,773-837-5588,david.brown@test.net
587,Grace Brown,387-642-1682,grace.brown@mail.com
588,Grace Taylor,947-259-1518,grace.taylor@test.net
589,Grace Taylor,425-605-1996,grace.taylor@mail.com
590,David Garcia,876-672-9963,david.garcia@example.com
591,Frank Johnson,656-711-2417,frank.johnson@test.net
592,Isabella Garcia,398-376-9539,isabella.garcia@example.com
593,Alice Brown,337-652-6946,alice.brown@mail.com
594,Isabella Jones,385-690-6249,isabella.jones@mail.com
595,John Taylor,146-913-7615,john.taylor@sample.org
596,Isabella Wilson,786-679-8314,isabella.wilson@sample.org
597,Isabella Garcia,237-735-5382,isabella.garcia@test.net
598,Emma Martinez,744-571-4479,emma.martinez@mail.com
599,Emma Davis,774-157-5221,emma.davis@sample.org
600,Grace Martinez,410-970-7427,grace.martinez@sample.org
601,David Williams,690-188-8412,david.williams@example.com
602,Bob Jones,569-249-1641,bob.jones@sample.org
603,Emma Brown,816-367-8130,emma.brown@test.net
604,Bob Johnson,662-866-9124,bob.johnson@example.com
605,Grace Brown,783-596-1661,grace.brown@mail.com
606,John Davis,953-215-6792,john.davis@example.com
607,Emma Garcia,143-866-1783,emma.garcia@mail.com
608,John Brown,583-267-9535,john.brown@sample.org
609,Emma Martinez,871-431-1685,emma.martinez@example.com
610,Frank Garcia,148-606-6144,frank.garcia@sample.org
611,Henry Martinez,197-264-2560,henry.martinez@example.com
612,John Taylor,663-471-1707,john.taylor@example.com
613,John Johnson,588-974-2029,john.johnson@mail.com
614,Henry Johnson,177-185-5230,henry.johnson@sample.org
615,Isabella Taylor,281-750-8160,isabella.taylor@test.net
616,Grace Taylor,999-619-4582,grace.taylor@example.com
617,Henry Taylor,414-120-9564,henry.taylor@mail.com
618,Carol Williams,567-359-3247,carol.williams@sample.org
619,Isabella Johnson,359-397-2978,isabella.johnson@sample.org
620,Alice Taylor,574-243-5867,alice.taylor@test.net
621,Frank Williams,759-468-6797,frank.williams@mail.com
622,David Jones,322-683-8999,david.jones@example.com
623,David Davis,551-442-6117,david.davis@mail.com
624,Isabella Johnson,226-376-2777,isabella.johnson@sample.org
625,Frank Smith,141-301-1305,frank.smith@sample.org
626,Isabella Garcia,668-575-7888,isabella.garcia@sample.org
627,Frank Taylor,855-961-6452,frank.taylor@mail.com
628,Emma Wilson,135-468-8568,emma.wilson@test.net
629,Henry Martinez,629-934-2417,henry.martinez@mail.com
630,Bob Williams,968-715-7592,bob.williams@example.com
631,Isabella Smith,502-488-1990,isabella.smith@sample.org
632,John Williams,275-201-7314,john.williams@sample.org
633,David Brown,862-872-6566,david.brown@example.com
634,John Martinez,343-425-8568,john.martinez@test.net
635,Carol Wilson,139-120-7634,carol.wilson@sample.org
636,Isabella Johnson,223-765-5337,isabella.johnson@example.com
637,Henry Johnson,256-505-7346,henry.johnson@mail.com
638,Isabella Williams,843-194-7025,isabella.williams@example.com
639,Emma Jones,836-217-4633,emma.jones@sample.org
640,David Johnson,724-850-3302,david.johnson@test.net
641,Henry Jones,920-459-2149,henry.jones@test.net
642,Isabella Jones,898-810-9163,isabella.jones@example.com
643,Isabella Smith,241-821-3141,isabella.smith@mail.com
644,Frank Davis,572-982-2074,frank.davis@mail.com
645,Isabella Martinez,987-420-9089,isabella.martinez@sample.org
646,Carol Williams,287-706-2122,carol.williams@test.net
647,Grace Brown,791-380-2833,grace.brown@sample.org
648,Frank Jones,854-246-5266,frank.jones@mail.com
649,Bob Johnson,394-881-5075,bob.johnson@test.net
650,Grace Jones,254-913-6574,grace.jones@mail.com
651,Frank Smith,947-674-8218,frank.smith@sample.org
652,John Brown,714-937-3498,john.brown@test.net
653,Frank Johnson,763-901-6546,frank.johnson@test.net
654,Bob Brown,452-252-3273,bob.brown@mail.com
655,Henry Davis,386-116-1490,henry.davis@example.com
656,Alice Martinez,638-331-4181,alice.martinez@mail.com
657,Bob Johnson,465-456-3200,bob.johnson@mail.com
658,David Johnson,925-204-4843,david.johnson@sample.org
659,Emma Williams,291-401-2611,emma.williams@test.net
660,Alice Williams,499-281-7388,alice.williams@mail.com
661,Frank Johnson,362-732-6371,frank.johnson@sample.org
662,Grace Smith,489-484-7249,grace.smith@test.net
663,Bob Smith,233-625-3769,bob.smith@example.com
664,Bob Williams,811-684-6467,bob.williams@sample.org
665,Henry Johnson,475-267-8667,henry.johnson@sample.org
666,David Taylor,966-820-4657,david.taylor@mail.com
667,Frank Brown,441-699-9167,frank.brown@sample.org
668,David Martinez,817-980-2548,david.martinez@test.net
669,Bob Wilson,181-103-9653,bob.wilson@mail.com
670,Carol Taylor,860-791-2703,carol.taylor@test.net
671,Carol Davis,883-868-3702,carol.davis@mail.com
672,Henry Martinez,297-398-5798,henry.martinez@mail.com
673,Henry Jones,641-663-6070,henry.jones@sample.org
674,Grace Garcia,732-632-1694,grace.garcia@test.net
675,Emma Taylor,478-859-6244,emma.taylor@test.net
676,Grace Smith,206-669-3712,grace.smith@sample.org
677,Isabella Smith,929-859-7405,isabella.smith@test.net
678,Frank Davis,702-202-6552,frank.davis@test.net
679,Grace Williams,628-627-1874,grace.williams@mail.com
680,Alice Jones,344-954-6709,alice.jones@mail.com
681,Emma Smith,494-281-1378,emma.smith@test.net
682,Carol Davis,863-807-1636,carol.davis@mail.com
683,Carol Johnson,733-952-4189,carol.johnson@sample.org
684,Frank Williams,910-354-8639,frank.williams@sample.org
685,Frank Johnson,800-756-3585,frank.johnson@sample.org
686,Emma Taylor,622-568-7806,emma.taylor@example.com
687,Emma Williams,510-699-1478,emma.williams@example.com
688,John Jones,368-400-1316,john.jones@mail.com
689,Bob Davis,797-597-8113,bob.davis@example.com
690,Frank Taylor,563-322-9363,frank.taylor@sample.org
691,Emma Smith,637-214-7089,emma.smith@test.net
692,Alice Williams,291-783-3286,alice.williams@sample.org
693,Carol Garcia,780-111-8434,carol.garcia@sample.org
694,Carol Martinez,825-425-9051,carol.martinez@example.com
695,Emma Williams,424-278-7875,emma.williams@test.net
696,Frank Martinez,640-595-5532,frank.martinez@example.com
697,Carol Williams,976-963-1124,carol.williams@sample.org
698,Bob Martinez,552-518-2764,bob.martinez@sample.org
699,Grace Davis,671-842-1440,grace.davis@test.net
700,Isabella Johnson,238-176-7895,isabella.johnson@sample.org
701,David Smith,250-706-1272,david.smith@sample.org
702,Bob Wilson,853-624-7914,bob.wilson@mail.com
703,John Brown,489-614-8436,john.brown@test.net
704,Bob Martinez,508-139-6784,bob.martinez@example.com
705,John Johnson,836-224-4008,john.johnson@sample.org
706,Isabella Wilson,574-247-8598,isabella.wilson@example.com
707,David Jones,168-385-5413,david.jones@sample.org
708,John Smith,656-186-3594,john.smith@test.net
709,John Taylor,167-938-2987,john.taylor@mail.com
710,Grace Martinez,362-910-8505,grace.martinez@sample.org
711,Grace Brown,122-844-1843,grace.brown@example.com
712,Carol Taylor,869-862-4839,carol.taylor@example.com
713,Emma Jones,698-316-5730,emma.jones@sample.org
714,David Taylor,608-992-5998,david.taylor@sample.org
715,Carol Davis,351-913-4037,carol.davis@test.net
716,Henry Martinez,387-830-2507,henry.martinez@test.net
717,Henry Jones,998-651-4316,henry.jones@example.com
718,Bob Brown,770-125-7998,bob.brown@example.com
719,David Brown,740-479-6415,david.brown@mail.com
720,Henry Smith,700-904-9935,henry.smith@test.net
721,Alice Jones,887-344-5501,alice.jones@sample.org
722,Alice Jones,106-657-8435,alice.jones@sample.org
723,John Brown,251-979-9854,john.brown@mail.com
724,Carol Taylor,586-501-6245,carol.taylor@example.com
725,David Johnson,758-839-2709,david.johnson@mail.com
726,Bob Williams,877-615-6552,bob.williams@mail.com
727,Alice Taylor,335-345-1203,alice.taylor@test.net
728,Isabella Johnson,654-382-7053,isabella.johnson@mail.com
729,Isabella Williams,499-857-5179,isabella.williams@mail.com
730,Grace Johnson,333-960-1699,grace.johnson@example.com
731,Carol Davis,831-653-7791,carol.davis@mail.com
732,David Jones,823-839-7299,david.jones@test.net
733,Grace Jones,278-401-7700,grace.jones@mail.com
734,Henry Jones,327-293-9759,henry.jones@test.net
735,Bob Davis,166-719-3643,bob.davis@example.com
736,Alice Johnson,837-866-5475,alice.johnson@sample.org
737,Emma Smith,900-879-2694,emma.smith@test.net
738,Frank Garcia,856-953-7115,frank.garcia@sample.org
739,Frank Taylor,852-924-1277,frank.taylor@example.com
740,Frank Wilson,716-607-7658,frank.wilson@mail.com
741,Henry Jones,620-960-9974,henry.jones@sample.org
742,David Brown,431-269-1018,david.brown@sample.org
743,Carol Jones,125-640-2321,carol.jones@sample.org
744,Carol Martinez,383-105-7571,carol.martinez@mail.com
745,John Johnson,297-884-1910,john.johnson@sample.org
746,Frank Brown,409-825-1616,frank.brown@mail.com
747,David Jones,229-611-1662,david.jones@sample.org
748,Bob Johnson,272-964-8729,bob.johnson@sample.org
749,Frank Smith,819-795-3767,frank.smith@sample.org
750,Henry Wilson,362-459-9671,henry.wilson@sample.org
751,John Garcia,679-810-9139,john.garcia@example.com
752,Emma Davis,624-735-5766,emma.davis@example.com
753,John Johnson,761-708-4474,john.johnson@mail.com
754,Henry Martinez,961-456-5228,henry.martinez@example.com
755,Carol Wilson,285-309-4050,carol.wilson@sample.org
756,Bob Jones,281-918-7442,bob.jones@mail.com
757,Bob Martinez,582-165-4793,bob.martinez@sample.org
758,Henry Davis,364-540-6345,henry.davis@sample.org
759,Bob Williams,518-132-2744,bob.williams@sample.org
760,John Jones,452-883-4392,john.jones@test.net
761,Isabella Brown,598-805-5807,isabella.brown@mail.com
762,David Taylor,510-306-1186,david.taylor@sample.org
763,David Martinez,220-791-5894,david.martinez@sample.org
764,David Wilson,273-829-8304,david.wilson@sample.org
765,Bob Martinez,380-121-4976,bob.martinez@test.net
766,John Taylor,717-302-5669,john.taylor@test.net
767,Frank Williams,981-607-4401,frank.williams@mail.com
768,Bob Wilson,901-164-6423,bob.wilson@mail.com
769,Grace Johnson,477-598-1108,grace.johnson@mail.com
770,Isabella Davis,119-825-2541,isabella.davis@mail.com
771,Emma Johnson,397-710-7237,emma.johnson@mail.com
772,Alice Wilson,516-990-8198,alice.wilson@example.com
773,Frank Smith,180-689-3039,frank.smith@example.com
774,Isabella Smith,974-247-5944,isabella.smith@test.net
775,Bob Jones,332-368-9318,bob.jones@sample.org
776,David Williams,636-892-2499,david.williams@sample.org
777,Isabella Brown,405-107-5860,isabella.brown@example.com
778,Alice Smith,737-542-5016,alice.smith@test.net
779,Isabella Davis,214-720-5994,isabella.davis@sample.org
780,Carol Martinez,743-571-4430,carol.martinez@sample.org
781,Grace Martinez,201-301-6456,grace.martinez@sample.org
782,Frank Johnson,710-269-3391,frank.johnson@test.net
783,Carol Jones,254-620-8591,carol.jones@test.net
784,Isabella Garcia,396-477-7707,isabella.garcia@example.com
785,Frank Taylor,484-458-4624,frank.taylor@example.com
786,Isabella Garcia,846-784-5856,isabella.garcia@mail.com
787,Carol Martinez,796-617-3762,carol.martinez@test.net
788,David Martinez,431-465-9675,david.martinez@sample.org
789,Isabella Williams,184-629-8771,isabella.williams@mail.com
790,Henry Brown,660-290-1373,henry.brown@example.com
791,John Brown,321-732-4897,john.brown@test.net
792,David Martinez,452-545-2322,david.martinez@example.com
793,Frank Martinez,747-669-5764,frank.martinez@sample.org
794,Isabella Brown,751-295-7013,isabella.brown@sample.org
795,David Wilson,182-755-3135,david.wilson@mail.com
796,Frank Garcia,228-446-8041,frank.garcia@sample.org
797,John Smith,836-266-6284,john.smith@sample.org
798,Emma Davis,306-409-4424,emma.davis@example.com
799,Isabella Davis,996-928-7408,isabella.davis@test.net
800,David Martinez,749-841-1998,david.martinez@example.com
801,Carol Davis,638-483-8222,carol.davis@sample.org
802,Frank Davis,759-604-8149,frank.davis@example.com
803,Frank Jones,852-477-1394,frank.jones@mail.com
804,Grace Johnson,546-603-6045,grace.johnson@sample.org
805,Isabella Johnson,792-554-5312,isabella.johnson@sample.org
806,Isabella Johnson,648-135-7634,isabella.johnson@test.net
807,David Garcia,327-678-2452,david.garcia@test.net
808,John Taylor,110-106-9523,john.taylor@mail.com
809,David Brown,565-460-5823,david.brown@mail.com
810,John Johnson,570-720-7232,john.johnson@test.net
811,Henry Davis,192-353-5120,henry.davis@sample.org
812,Carol Jones,820-672-8954,carol.jones@example.com
813,Bob Jones,388-742-2212,bob.jones@mail.com
814,Isabella Wilson,588-892-8528,isabella.wilson@test.net
815,Isabella Garcia,601-391-5236,isabella.garcia@test.net
816,Carol Garcia,109-870-1977,carol.garcia@sample.org
817,Frank Garcia,963-330-7547,frank.garcia@mail.com
818,Frank Taylor,551-718-1949,frank.taylor@example.com
819,John Davis,508-168-7462,john.davis@sample.org
820,Grace Taylor,433-748-7563,grace.taylor@test.net
821,Alice Davis,195-286-6209,alice.davis@sample.org
822,Bob Davis,745-753-2642,bob.davis@sample.org
823,Emma Smith,305-232-8879,emma.smith@mail.com
824,David Johnson,960-872-8024,david.johnson@test.net
825,David Garcia,475-813-2035,david.garcia@mail.com
826,John Garcia,898-842-9110,john.garcia@mail.com
827,Frank Jones,235-184-3074,frank.jones@example.com
828,Emma Martinez,491-521-5025,emma.martinez@example.com
829,Emma Martinez,622-971-3780,emma.martinez@sample.org
830,David Brown,395-419-4586,david.brown@example.com
831,John Smith,935-856-3776,john.smith@test.net
832,Alice Brown,402-806-2098,alice.brown@test.net
833,David Johnson,895-950-9893,david.johnson@example.com
834,Bob Jones,636-590-1035,bob.jones@mail.com
835,Grace Jones,154-641-2614,grace.jones@mail.com
836,Emma Garcia,233-756-1968,emma.garcia@test.net
837,Emma Wilson,533-480-3936,emma.wilson@test.net
838,Henry Johnson,759-654-8094,henry.johnson@mail.com
839,Emma Taylor,355-131-1091,emma.taylor@sample.org
840,Isabella Martinez,803-335-7888,isabella.martinez@example.com
841,Alice Martinez,428-258-9558,alice.martinez@test.net
842,Bob Davis,955-855-6943,bob.davis@example.com
843,David Smith,249-402-3685,david.smith@example.com
844,Isabella Johnson,879-617-8249,isabella.johnson@sample.org
845,Henry Martinez,611-969-5381,henry.martinez@test.net
846,Frank Williams,379-237-9338,frank.williams@test.net
847,John Smith,116-827-7088,john.smith@mail.com
848,Henry Jones,570-789-2150,henry.jones@example.com
849,Emma Wilson,256-247-1149,emma.wilson@test.net
850,Henry Smith,572-540-4838,henry.smith@test.net
851,David Davis,773-332-4051,david.davis@example.com
852,Bob Brown,820-700-9016,bob.brown@sample.org
853,Henry Taylor,960-501-4357,henry.taylor@sample.org
854,Carol Johnson,242-133-6816,carol.johnson@example.com
855,Carol Williams,614-202-2768,carol.williams@example.com
856,Emma Garcia,456-205-9865,emma.garcia@test.net
857,Isabella Taylor,487-426-9729,isabella.taylor@sample.org
858,John Wilson,337-491-7834,john.wilson@test.net
859,David Taylor,833-869-2180,david.taylor@example.com
860,Bob Brown,539-508-4784,bob.brown@mail.com
861,John Davis,952-507-2435,john.davis@sample.org
862,Grace Williams,294-358-2065,grace.williams@example.com
863,Frank Taylor,881-892-9925,frank.taylor@sample.org
864,Frank Wilson,834-713-9152,frank.wilson@test.net
865,Frank Jones,843-377-2119,frank.jones@sample.org
866,Alice Taylor,600-863-1934,alice.taylor@sample.org
867,Grace Williams,877-418-5153,grace.williams@test.net
868,Alice Johnson,332-361-1809,alice.johnson@sample.org
869,Emma Smith,625-597-3081,emma.smith@example.com
870,Isabella Taylor,931-578-5605,isabella.taylor@test.net
871,Carol Brown,644-286-7691,carol.brown@sample.org
872,Isabella Martinez,242-617-3292,isabella.martinez@sample.org
873,Alice Brown,866-536-5041,alice.brown@sample.org
874,Alice Wilson,180-577-2788,alice.wilson@test.net
875,Alice Wilson,428-902-1704,alice.wilson@mail.com
876,David Davis,829-295-7594,david.davis@example.com
877,Isabella Jones,868-717-7754,isabella.jones@sample.org
878,Henry Smith,345-284-3394,henry.smith@sample.org
879,Grace Jones,647-401-1874,grace.jones@sample.org
880,Emma Garcia,101-257-3596,emma.garcia@mail.com
881,Alice Davis,609-677-4852,alice.davis@mail.com
882,Carol Jones,810-427-1582,carol.jones@example.com
883,Henry Smith,637-630-7329,henry.smith@test.net
884,John Davis,897-483-7773,john.davis@test.net
885,Carol Williams,155-803-3849,carol.williams@mail.com
886,Grace Martinez,999-973-7816,grace.martinez@example.com
887,Alice Wilson,828-659-1601,alice.wilson@mail.com
888,David Taylor,417-812-4749,david.taylor@example.com
889,Emma Johnson,619-491-5657,emma.johnson@test.net
890,Henry Johnson,926-645-9391,henry.johnson@test.net
891,David Williams,197-748-2581,david.williams@test.net
892,Bob Williams,339-641-9640,bob.williams@mail.com
893,Bob Smith,654-793-4632,bob.smith@example.com
894,Alice Jones,916-412-2361,alice.jones@test.net
895,Carol Garcia,151-554-3416,carol.garcia@example.com
896,Frank Williams,694-644-4194,frank.williams@sample.org
897,David Brown,323-308-9664,david.brown@test.net
898,Isabella Smith,246-529-4899,isabella.smith@mail.com
899,Isabella Martinez,770-474-4331,isabella.martinez@test.net
900,Henry Smith,347-207-2291,henry.smith@sample.org
901,Bob Smith,605-377-9618,bob.smith@test.net
902,John Williams,195-968-8753,john.williams@sample.org
903,Henry Williams,387-452-8520,henry.williams@sample.org
904,Alice Taylor,681-900-9676,alice.taylor@example.com
905,Alice Brown,387-768-2153,alice.brown@mail.com
906,Henry Brown,169-905-3304,henry.brown@test.net
907,Emma Brown,745-456-8911,emma.brown@mail.com
908,Isabella Jones,213-773-8413,isabella.jones@sample.org
909,Carol Martinez,217-811-9446,carol.martinez@example.com
910,John Taylor,150-808-1479,john.taylor@test.net
911,Isabella Davis,303-962-5870,isabella.davis@test.net
912,Frank Smith,295-118-8973,frank.smith@test.net
913,Alice Wilson,177-302-6255,alice.wilson@sample.org
914,Henry Williams,794-895-2533,henry.williams@sample.org
915,Alice Taylor,273-526-5192,alice.taylor@test.net
916,Frank Williams,919-480-9861,frank.williams@sample.org
917,Carol Davis,598-688-1423,carol.davis@example.com
918,Frank Jones,352-406-3896,frank.jones@test.net
919,Alice Garcia,257-504-1772,alice.garcia@test.net
920,Isabella Davis,776-167-9294,isabella.davis@test.net
921,John Smith,499-858-9813,john.smith@sample.org
922,Henry Johnson,270-598-5099,henry.johnson@test.net
923,Emma Garcia,886-500-4522,emma.garcia@mail.com
924,Grace Taylor,971-916-5563,grace.taylor@mail.com
925,David Davis,925-644-4809,david.davis@test.net
926,Frank Wilson,771-220-1444,frank.wilson@mail.com
927,Bob Brown,959-863-6406,bob.brown@test.net
928,David Smith,860-915-2716,david.smith@sample.org
929,Henry Taylor,964-542-6688,henry.taylor@example.com
930,Grace Smith,129-483-7787,grace.smith@sample.org
931,David Martinez,696-693-4236,david.martinez@mail.com
932,Emma Smith,886-574-6809,emma.smith@mail.com
933,Grace Taylor,335-916-9636,grace.taylor@sample.org
934,Isabella Garcia,250-897-6327,isabella.garcia@test.net
935,Frank Garcia,577-316-5411,frank.garcia@mail.com
936,Alice Martinez,271-527-5044,alice.martinez@mail.com
937,Alice Martinez,844-770-7527,alice.martinez@example.com
938,David Garcia,770-322-2902,david.garcia@example.com
939,Emma Smith,837-401-1329,emma.smith@mail.com
940,Henry Jones,413-718-3040,henry.jones@mail.com
941,John Garcia,880-295-9967,john.garcia@example.com
942,Alice Williams,864-772-1833,alice.williams@example.com
943,Isabella Smith,326-929-4935,isabella.smith@test.net
944,Frank Davis,367-460-1020,frank.davis@test.net
945,Emma Taylor,373-307-1378,emma.taylor@mail.com
946,Isabella Brown,320-627-8627,isabella.brown@example.com
947,Grace Martinez,377-157-8062,grace.martinez@mail.com
948,Carol Williams,435-496-9599,carol.williams@example.com
949,John Martinez,268-958-8256,john.martinez@sample.org
950,Frank Davis,118-251-8375,frank.davis@example.com
951,Isabella Williams,257-894-9673,isabella.williams@test.net
952,John Garcia,882-207-3247,john.garcia@sample.org
953,Carol Brown,779-893-9377,carol.brown@mail.com
954,Emma Garcia,156-626-3711,emma.garcia@sample.org
955,Frank Davis,389-373-6495,frank.davis@test.net
956,Carol Williams,709-361-1501,carol.williams@mail.com
957,Grace Jones,945-402-4013,grace.jones@sample.org
958,Emma Smith,216-858-2263,emma.smith@mail.com
959,Alice Taylor,456-576-1389,alice.taylor@sample.org
960,Bob Martinez,540-270-9741,bob.martinez@test.net
961,Alice Wilson,207-791-2952,alice.wilson@mail.com
962,David Jones,142-952-7760,david.jones@example.com
963,Emma Smith,821-626-8104,emma.smith@example.com
964,John Davis,603-710-4430,john.davis@sample.org
965,Henry Jones,131-428-7357,henry.jones@sample.org
966,David Johnson,236-933-7473,david.johnson@example.com
967,John Smith,243-608-5739,john.smith@test.net
968,Frank Garcia,926-502-2932,frank.garcia@mail.com
969,Isabella Martinez,680-799-4535,isabella.martinez@test.net
970,Grace Jones,973-114-8527,grace.jones@example.com
971,Frank Martinez,286-790-1828,frank.martinez@sample.org
972,Frank Jones,422-884-2455,frank.jones@mail.com
973,Carol Garcia,560-298-4577,carol.garcia@sample.org
974,Emma Taylor,697-612-8433,emma.taylor@sample.org
975,Grace Jones,356-169-5580,grace.jones@test.net
976,Bob Taylor,664-643-6167,bob.taylor@test.net
977,Henry Martinez,495-542-9979,henry.martinez@sample.org
978,Henry Johnson,547-789-1274,henry.johnson@example.com
979,Henry Brown,448-761-8777,henry.brown@mail.com
980,John Jones,716-203-7490,john.jones@example.com
981,David Jones,530-759-3813,david.jones@mail.com
982,Carol Wilson,746-348-5975,carol.wilson@test.net
983,Isabella Taylor,262-280-6657,isabella.taylor@example.com
984,Frank Wilson,242-867-2946,frank.wilson@mail.com
985,Grace Brown,214-866-3402,grace.brown@example.com
986,Frank Taylor,490-709-5570,frank.taylor@example.com
987,John Williams,209-872-6257,john.williams@mail.com
988,Henry Taylor,418-625-6633,henry.taylor@example.com
989,John Garcia,904-979-5074,john.garcia@mail.com
990,Frank Williams,573-257-4913,frank.williams@mail.com
991,Alice Martinez,853-933-1062,alice.martinez@test.net
992,Carol Garcia,576-937-3323,carol.garcia@sample.org
993,Alice Wilson,128-131-5780,alice.wilson@sample.org
994,Carol Williams,962-603-5896,carol.williams@mail.com
995,Carol Martinez,531-110-3882,carol.martinez@sample.org
996,Henry Davis,205-515-4240,henry.davis@sample.org
997,Carol Davis,876-940-9119,carol.davis@example.com
998,Emma Wilson,699-869-6181,emma.wilson@test.net
999,Alice Williams,602-646-7653,alice.williams@test.net
1000,Grace Brown,259-473-8137,grace.brown@test.net
