feedback_id,customer_id,date_id,feedback_text,category_id,feedback_form_id
1,701,193,Five future rather speech present past.,118,20
2,68,198,Form figure down.,119,5
3,375,128,Country today wrong focus student right only.,23,288
4,439,205,Activity young small.,145,121
5,748,87,Every training ten wind.,175,12
6,534,63,Sure water reason total executive amount.,124,103
7,135,288,List sing enough mind raise stock recent maintain.,154,274
8,116,158,Finish movie enjoy environmental company.,133,147
9,436,148,Place him create.,82,204
10,561,184,Social certain because wear.,7,25
11,888,258,Teach item describe pay than product.,119,290
12,14,263,Wind rest few question whether.,101,55
13,908,307,Employee civil yard include chair without.,155,300
14,897,324,Current state Democrat mind human.,156,182
15,110,202,Success government require pick.,186,281
16,489,213,Must debate choose job paper.,108,103
17,294,192,Mouth idea more its fly writer any.,160,133
18,284,269,Mr speech visit important perhaps.,118,236
19,860,165,Leave yourself near wish worker.,12,296
20,551,90,Improve all space defense direction different go.,176,75
21,378,271,Easy father history child card style.,53,241
22,788,121,Court protect stage begin note.,140,270
23,503,201,Street deal concern sense clear.,35,253
24,671,148,Collection coach recent open either themselves pressure.,28,274
25,249,249,Chance my movement room find surface.,169,230
26,139,83,Most level affect end stage.,167,9
27,498,62,Glass answer word.,49,280
28,405,42,Church picture human well owner history.,2,109
29,747,357,Build discussion its history focus then.,23,165
30,455,135,Knowledge hold attorney development miss career old.,90,166
31,930,5,Town none experience.,16,222
32,972,175,Call fall force letter different team.,4,279
33,247,340,Raise she free.,184,212
34,556,222,Understand peace campaign pretty similar yard style off.,196,294
35,193,330,Right call note word about goal mean.,45,98
36,987,16,Lawyer down order full.,169,84
37,803,194,Enough collection near our however water.,144,123
38,185,154,Number stock risk require herself.,103,207
39,524,257,Risk general laugh despite.,61,76
40,219,80,Future back country may question gas.,66,252
41,20,189,Firm trial shoulder age.,15,32
42,920,48,Night someone beat need.,119,13
43,222,210,Talk provide former member road arm.,62,167
44,419,159,Quality truth establish fact.,109,94
45,959,89,Evidence bill despite home employee up.,134,254
46,675,281,Where clear why both close military accept.,78,144
47,816,150,Figure analysis accept century few not attack.,13,143
48,140,56,Act tend daughter where benefit.,184,105
49,34,126,Response than fill write.,23,249
50,349,174,Your natural develop reality list resource.,142,25
51,89,199,Discuss worry worker his idea.,71,97
52,745,300,Small should gas oil during until.,134,28
53,47,85,Enough husband beyond.,95,89
54,596,3,Team long leader yet street to.,29,159
55,117,308,Produce yeah small.,170,151
56,29,106,Current future need company according.,181,195
57,142,189,Man easy fill unit teacher fast.,55,98
58,974,329,Conference character similar benefit attorney people television dream.,181,100
59,743,20,Protect when day white store more weight.,16,296
60,348,150,Economy song treatment.,103,90
61,977,187,Student dinner benefit look.,53,117
62,66,78,Not always born have.,53,44
63,454,50,Cost success billion.,84,93
64,101,229,Yard goal particularly any character painting.,188,298
65,139,34,Senior American party from.,86,137
66,87,72,Research until Democrat center see.,15,164
67,154,41,Purpose reflect season over various traditional available.,43,257
68,514,105,Body better well own.,180,101
69,484,75,Represent western special direction purpose especially.,55,208
70,352,100,Believe blue health game.,132,207
71,449,212,True arm amount single.,193,43
72,196,141,Defense human foot reduce we state push argue.,94,202
73,255,339,Must sure around church threat.,127,176
74,162,151,Nearly heart industry design.,189,17
75,80,174,Strategy me give face boy wife difference economy.,85,27
76,51,220,Front onto cause control as.,14,159
77,622,101,Wear pass week fire direction choice live.,43,115
78,166,9,Floor maintain truth throw especially.,74,82
79,399,224,Specific conference series agree.,167,222
80,852,83,Up watch open compare health American.,19,191
81,496,346,So fish some sit sometimes at.,61,63
82,234,290,Beautiful lay physical evidence beat send.,118,178
83,163,8,Painting early decade buy too rich thousand.,187,16
84,546,238,Develop court sound out prove issue.,150,53
85,670,349,Plant participant risk never.,131,101
86,630,67,Citizen close analysis yourself even street.,190,263
87,246,80,Represent free way others rock popular.,50,117
88,220,295,Song yourself more fact west.,4,42
89,598,185,Game only turn region also happy want early.,181,170
90,444,49,Loss market mission investment.,19,102
91,92,268,Fish your inside care.,166,220
92,966,185,Few everybody man challenge.,61,140
93,50,144,Whatever particular I skin.,99,82
94,528,170,Play factor officer theory.,124,68
95,817,267,Seat oil it enjoy.,194,179
96,525,116,Support never leg time.,141,81
97,533,3,Perform boy return pretty receive control fire.,104,26
98,751,187,Their manager friend as her far free else.,118,229
99,928,359,Suddenly bill success artist.,95,277
100,754,194,Really type hot baby.,136,93
101,59,259,Reduce hotel door clearly agent air.,50,38
102,676,217,Nature charge sport product.,17,228
103,647,227,Maybe indeed exactly building.,171,51
104,616,236,Big sister present production eye source technology.,45,225
105,284,18,Rock go management individual admit into health top.,30,162
106,917,212,Important attack use sense theory unit so.,6,274
107,837,318,Woman score knowledge region.,147,67
108,67,217,Recognize crime citizen talk approach.,43,31
109,670,115,Reach I weight pass us war.,167,45
110,881,22,Call room wall on within son result.,80,195
111,837,326,Democratic college own be.,126,73
112,515,102,Exactly learn language new a true no.,156,52
113,19,154,Manage dog serious.,144,87
114,761,150,By majority option challenge too build environmental push.,21,164
115,244,179,There manager our well account.,19,6
116,496,305,Buy north assume education of song own.,73,284
117,374,274,But opportunity enjoy.,176,204
118,755,22,Better two meet build relationship.,31,135
119,538,131,Newspaper since good plan.,111,46
120,337,89,A office work theory.,136,24
121,907,155,Explain accept build attention marriage eye enough.,131,247
122,592,348,While today wide brother form economy issue.,118,300
123,346,61,Only report shake firm officer surface.,129,190
124,641,332,Southern light remember phone.,103,233
125,183,299,Culture others great peace training democratic.,39,141
126,447,356,Many especially whether describe support us manager finish.,124,147
127,173,288,Build have clearly interest five five.,194,105
128,534,72,Life yes station account let well.,191,15
129,123,289,Piece begin others still second.,135,197
130,709,258,Leg number film rich.,13,257
131,995,141,Appear seven small maintain enjoy dinner now.,142,217
132,576,127,Laugh whom expert important that.,122,274
133,907,167,Their manager no difficult finally.,57,160
134,111,126,Method inside report community tell effort visit.,182,109
135,262,19,Later oil myself other particularly pull responsibility.,36,297
136,815,194,Recognize whatever style force morning majority.,167,193
137,174,161,Behind according win cause.,171,278
138,102,66,Time husband us soldier fast.,26,64
139,201,95,First investment while indeed run network summer.,104,288
140,754,129,Security manager will new miss until very including.,7,65
141,660,300,Here game structure style structure even.,79,79
142,330,353,Big his perform away his month contain.,185,92
143,73,293,Shake very manager forward director production.,94,25
144,133,12,Strong true PM similar machine.,50,127
145,578,314,Know population hit if.,180,235
146,321,205,Age writer upon first line.,37,141
147,669,118,If pick we fish under.,55,110
148,256,227,Not born nor toward space myself give.,168,48
149,595,200,Word issue take energy little eat along.,181,79
150,335,290,Computer professional discussion cause home southern also.,102,125
151,23,264,Ahead bed beat over ever process.,181,57
152,699,100,Experience should such.,181,186
153,880,201,Nation success song.,112,274
154,797,185,Allow play girl impact with.,153,151
155,572,120,Administration together land.,61,177
156,772,78,Believe design from indeed also feel name.,53,205
157,362,293,Region place tell team within likely maintain.,165,166
158,422,275,Economy answer hold pressure.,17,171
159,243,71,Citizen over watch same analysis until.,184,278
160,189,273,Natural total son produce talk into surface.,20,174
161,146,58,Peace pass team return mention plan.,104,179
162,902,207,Before news miss effect white health.,167,56
163,237,278,Sit author street foot.,150,111
164,994,352,My hear paper window product cultural.,37,84
165,575,15,Street good improve action.,25,298
166,294,306,Small time skill.,160,14
167,278,86,Section recently foreign anything on break federal.,30,58
168,211,314,Civil but note maybe food choice yard.,135,20
169,905,37,Truth stuff little.,35,101
170,602,223,Character huge common even move.,37,236
171,856,246,Name performance life available generation heavy environment.,19,20
172,599,57,Magazine bank more drive bar.,50,71
173,320,331,Process yourself meeting office your.,143,11
174,171,332,Congress past fly however view.,45,140
175,642,322,War care science open animal southern name.,185,86
176,589,103,Live poor form trip place bag one.,186,230
177,624,279,Six action reflect rather side south person.,123,124
178,734,38,West personal continue thing cover name.,171,105
179,762,109,Choose side prepare public dark if.,50,167
180,157,276,How go deep still subject.,110,26
181,318,169,Task use full figure design personal government thank.,22,59
182,463,151,Out finish feel.,174,228
183,114,247,Human down best job.,198,283
184,923,226,Experience call left plant long health.,190,80
185,815,183,Pretty build debate pattern girl event.,187,225
186,472,34,Could social bar area name hour.,29,64
187,587,227,Course name per water success.,88,216
188,841,205,Free same how example meeting military himself.,107,68
189,294,285,Accept good knowledge each take.,178,286
190,993,278,Site four white true focus.,124,247
191,936,151,Paper let speak cup national bill.,54,131
192,390,283,Degree build activity financial.,199,74
193,539,363,Safe give health but animal focus whether account.,142,95
194,5,285,Science media late bar human decide arrive.,141,136
195,234,352,Interest statement probably question.,103,262
196,793,96,Pretty I media create everything economy issue.,147,26
197,439,345,Meeting people main approach know.,7,133
198,645,217,Military eight degree green would deep.,78,191
199,927,113,Partner receive beat worry movie animal expect participant.,18,282
200,31,278,Green arrive talk task.,44,250
201,157,212,Protect few think among computer.,103,156
202,650,130,Leg whatever view probably style.,124,101
203,705,239,Himself democratic growth and have.,20,108
204,339,175,Pick program indeed wait collection fact.,35,205
205,639,296,Whole Mr interest real worry within southern dream.,1,150
206,869,226,Capital make prove fact.,113,207
207,881,122,Believe talk example name energy.,17,118
208,555,214,Reduce item move speak instead.,68,253
209,169,258,Economic fine focus least financial ability so.,189,51
210,297,332,Represent staff million hospital style.,43,1
211,5,355,Develop similar clearly message order fish conference.,83,6
212,584,32,Surface case teacher adult.,85,232
213,74,227,Process along federal nothing.,102,20
214,740,284,Lay white operation game hospital his less.,149,205
215,452,29,Well political agreement future artist.,75,131
216,536,312,Because two growth visit heavy discover create.,67,129
217,405,207,Husband morning discover pattern color student now skin.,110,105
218,765,196,Until senior each building.,46,129
219,371,163,Identify look often or.,96,2
220,649,149,Bill few foreign great statement.,15,22
221,341,149,Democratic certainly family decision stand behind.,126,46
222,330,313,Fund position product station modern soon.,5,48
223,484,92,Produce knowledge language win any read.,4,201
224,381,272,Seek cut stand tree project accept.,145,262
225,220,274,Number member force likely vote.,171,195
226,758,27,Pay matter half blood thought.,105,65
227,755,351,Most trouble picture anyone message admit.,55,166
228,657,256,Response health strategy threat say.,81,196
229,687,245,They design attack international will let.,38,4
230,331,326,Receive four where attack.,33,246
231,396,362,International sign indeed.,25,75
232,319,11,Take join class.,161,224
233,168,209,Pretty music effort every everything left he prove.,153,240
234,938,242,Of support may dark.,9,212
235,751,360,Beat back deal live.,110,249
236,451,136,Site usually walk mother land eye physical.,185,221
237,747,335,Center past care guess south drop even.,175,143
238,535,188,Buy every quite region.,162,148
239,125,205,Election say player letter improve may born number.,168,161
240,849,28,Mother cut foot prove close yourself focus.,198,163
241,516,83,Man glass leg industry oil.,166,220
242,928,47,Several computer under remember move maintain business throw.,185,72
243,438,108,Claim skin develop order.,184,17
244,441,294,Low heavy reflect top then investment reveal wear.,6,103
245,370,250,Health exactly item investment approach plant.,186,46
246,236,349,Sort maintain economic.,31,236
247,968,52,Population actually child late common its image maintain.,190,11
248,36,176,Identify recently form behavior how identify unit.,2,51
249,228,247,Natural character action.,65,222
250,478,155,Material their different stuff world suggest.,10,134
251,571,225,Increase stage but maintain man between even.,176,158
252,475,298,Particularly section view upon.,105,49
253,81,347,Firm different full here.,156,77
254,591,169,Cost response mean walk those charge.,151,86
255,192,196,Produce baby imagine above join.,150,130
256,72,189,Dark political field million around believe.,8,35
257,558,155,Together until join lawyer within.,185,152
258,332,204,Future fall above our.,20,117
259,455,3,Executive possible attack strategy huge now prepare.,51,119
260,413,347,Popular lose move indicate herself run sister.,47,264
261,608,143,Nothing program conference story they ahead.,172,278
262,98,146,Race line building break support.,168,257
263,385,11,Safe class debate use.,46,189
264,251,169,Policy treatment although rich instead.,123,222
265,880,141,Once produce send bill although building.,180,139
266,622,359,Meet Mrs some data western major song.,89,261
267,622,30,Tv role water never per clearly professor.,24,177
268,345,110,Market turn eye enter book.,158,266
269,425,334,Suggest identify season discussion.,78,284
270,835,226,Campaign end inside travel.,135,3
271,49,23,Guess resource price until face.,29,122
272,553,227,Summer hit director type activity explain all.,160,57
273,806,222,Various onto get stay bit effort law owner.,178,114
274,301,277,These heavy weight nature suddenly book discuss hundred.,43,80
275,92,291,Church statement maybe claim newspaper.,177,183
276,215,201,Where hold design middle pattern agent.,125,22
277,402,306,Somebody raise customer money style trade floor.,133,114
278,696,99,Everything research half customer good research.,165,138
279,302,305,Get represent car join those.,195,5
280,818,227,Point ask condition watch.,73,174
281,204,355,Fall seek baby room other finally successful everyone.,105,122
282,180,57,Idea blood month good also.,186,192
283,113,316,Security phone modern offer southern consumer road.,159,38
284,559,349,Would couple create us thing.,168,19
285,837,83,Remember marriage popular own practice.,170,207
286,931,193,Fast few hair public.,19,36
287,361,164,Peace though memory voice charge late television.,138,295
288,137,171,Military accept look act network trial simply night.,18,184
289,967,59,Network single change single three.,153,232
290,491,183,Enjoy view that name ever everybody.,17,114
291,577,220,Too true painting radio become customer take.,52,284
292,587,176,Stuff paper though ball news act cup.,120,107
293,441,247,Feeling radio just college buy.,129,27
294,271,362,Produce second design say else price represent.,61,224
295,985,293,Soon sometimes someone computer ok into.,166,245
296,291,282,Sell move add on either foot information ready.,60,125
297,299,67,Center marriage pay rate over condition movie.,1,59
298,805,108,Must store history trouble professor energy me.,27,138
299,216,238,Open bag only small nothing.,185,249
300,258,211,Politics dinner choice beyond prove thousand.,127,34
301,904,2,Case simple claim walk.,187,169
302,89,5,Evening care she although book those.,88,56
303,445,355,Anyone scientist realize get dark.,7,19
304,923,261,Buy report style dream religious business hotel.,200,178
305,881,51,Man past throw toward.,27,121
306,136,205,Control true term near.,165,64
307,877,62,As interest forward.,185,259
308,170,174,Detail move staff peace wrong themselves appear.,175,274
309,931,351,Concern treat general shake.,60,18
310,903,183,Realize artist use data.,24,188
311,93,87,Free gas ready.,118,6
312,233,289,Family around per military college none.,109,61
313,819,203,Movie send year few something at.,198,238
314,560,210,Phone bag throw tough build from.,108,37
315,48,197,Popular report wrong service.,198,81
316,899,249,Large mission look determine.,111,168
317,350,363,Age nation sound treatment effect experience hand.,199,176
318,378,125,Week past event much just stage ago.,138,131
319,452,60,Show cut more she despite film.,12,273
320,716,83,Although easy possible artist candidate practice small.,78,222
321,311,55,Road president near deep free personal.,122,236
322,290,154,List space shoulder.,184,286
323,688,122,Scene eight admit civil close natural.,171,105
324,829,10,Myself church under shake law first firm spring.,109,165
325,753,291,Author me my unit lose.,134,176
326,431,270,Bill interest could service part young fill.,49,108
327,582,2,Positive us site writer.,32,176
328,96,117,Important spend listen run.,10,233
329,67,11,Grow sit red involve team southern one.,124,280
330,672,244,Person measure more participant official.,50,259
331,160,42,Participant including performance prepare rock become.,45,273
332,116,96,Available blood most wonder boy put more group.,10,113
333,931,61,Cup huge affect score station.,157,70
334,94,229,As wall bad our exactly glass.,59,266
335,444,148,Serious hotel tend fine good appear finally.,161,177
336,987,343,Area dream have remain fear.,72,68
337,479,22,Officer technology opportunity offer.,188,31
338,485,208,Position mother reflect building.,181,46
339,371,347,Town support trip hope agree.,175,143
340,744,213,Professor believe cell whole car throughout.,108,70
341,986,195,Section provide president skin school police best.,103,201
342,466,302,Buy now sit per film term to.,101,295
343,797,313,Resource likely pick government audience.,39,29
344,346,119,Seven address stand will bank choose moment.,41,281
345,310,176,Far reduce simple be.,100,292
346,507,49,Week yes more international home large.,101,293
347,902,309,Vote quite top nor about detail.,167,100
348,246,36,Seven believe throw short.,178,179
349,319,148,Avoid issue point then.,131,133
350,980,161,Sure American authority move begin middle which.,128,123
351,668,70,Live collection get think road someone rock main.,66,182
352,698,247,Someone member inside detail detail door.,101,114
353,263,286,Up role question.,179,234
354,931,257,Sense nor world seem.,2,260
355,899,287,Mother pattern natural career forget.,165,64
356,620,2,Represent find police detail benefit hit contain PM.,27,211
357,447,2,Late hold agreement really.,108,136
358,625,33,Wall oil production first interesting protect best.,191,27
359,823,129,Loss somebody ask might.,120,298
360,140,48,Hand inside quality treatment wonder.,56,203
361,27,80,Spend bag control war building.,178,85
362,822,188,Structure enter worry move tend economic natural.,18,242
363,561,33,Goal school measure bank person feeling save.,197,237
364,548,230,Pm forget practice read.,137,245
365,605,144,Cup service collection number fire.,52,59
366,805,140,Matter speak indeed anyone.,183,248
367,978,71,Save thought cold nearly production.,164,293
368,888,13,Institution others everything time front under area.,44,33
369,336,47,Hear list song trade.,187,166
370,258,195,Yourself sit if toward book hold enough.,158,4
371,356,191,Red page actually can.,22,291
372,469,350,Similar everybody focus serve former others structure.,97,249
373,383,317,Mr national rate.,166,73
374,35,265,Entire term air admit million.,89,232
375,505,304,Back gas race middle look.,43,297
376,168,65,Season director apply source happen only institution.,121,46
377,547,264,Recently great wind again become.,55,145
378,982,7,East section buy ever improve.,141,71
379,484,133,Base indicate Mr range near.,64,272
380,431,250,Feeling try first.,171,154
381,717,224,Scientist fill song day.,41,163
382,786,144,Receive surface quality network just along.,170,141
383,736,217,Action wonder especially shoulder guess nearly.,174,121
384,756,342,Teach amount eye.,77,231
385,250,301,Painting include action eat.,177,72
386,526,123,Girl share business finally month.,187,86
387,114,255,Me however finish research than face add bill.,101,156
388,369,350,In street condition.,150,78
389,519,95,President him without size grow.,134,10
390,995,173,Home pass already.,75,15
391,483,313,Manager where hot though generation step admit.,93,86
392,574,44,Toward notice coach after on.,187,170
393,944,99,Guess skin our.,156,54
394,658,178,As walk option participant.,177,101
395,812,156,Board floor citizen.,108,61
396,154,97,Almost perhaps effort experience pattern produce.,91,68
397,589,135,Describe across each prove treatment develop.,52,243
398,952,335,Box learn writer me on.,43,23
399,709,342,Until speak per continue week everything.,102,56
400,120,1,For somebody wife those Mrs knowledge.,170,96
401,360,39,Wrong claim check soldier boy yeah firm various.,173,275
402,239,127,Various condition sport reduce people.,193,232
403,361,164,Left eight during it.,191,248
404,988,87,Ready human make team attack leader police.,185,4
405,695,319,Day seem relationship leg wonder.,149,109
406,430,4,Form product wait decide price determine American.,137,214
407,543,284,Clear person require American third affect movie.,169,295
408,597,155,Six side war bit help throw before.,161,115
409,625,123,Determine cost can candidate reduce community.,196,14
410,210,279,Something hear key anything miss.,102,300
411,946,289,Attention brother whether size however address report.,186,190
412,157,359,Rule radio find window table.,47,90
413,445,16,Plant federal than new age full admit.,174,211
414,157,142,Full city star daughter however group.,192,49
415,79,335,Treat themselves measure reflect and note.,46,38
416,176,321,Smile class ask those price standard look fill.,178,145
417,945,81,Painting catch least bed.,58,290
418,70,125,Resource hit kid control subject.,144,132
419,395,237,Story teach modern eat entire thousand imagine.,112,137
420,23,108,Single question coach.,173,20
421,946,339,Main long worry character energy financial small.,33,79
422,677,126,Two manager but long structure.,142,250
423,358,352,Appear eye appear prepare could.,89,141
424,694,26,Human travel organization up.,160,66
425,378,34,For behind environment bill yeah organization.,29,3
426,955,223,Yourself political college real much decide.,170,255
427,393,334,Series girl he several themselves make open.,61,141
428,928,260,Other than public.,103,215
429,458,89,Of stand risk senior rich you.,27,199
430,991,131,Try change myself nice.,53,89
431,596,272,Involve wall church food everything reach hot.,165,166
432,816,293,Value purpose little federal.,186,160
433,423,267,Office way Republican because across either.,165,88
434,53,35,Beyond may cup item well mother store.,134,13
435,890,264,Side station why subject campaign.,124,234
436,175,260,Create him book miss.,71,45
437,913,242,Research positive affect ever it industry whatever.,112,39
438,949,278,Factor support option.,73,124
439,395,51,Shoulder trip pay crime process light seem local.,190,276
440,594,54,Campaign cell against bar performance quite something.,95,66
441,880,30,Piece soldier painting painting product process.,27,96
442,753,63,Energy sit drug sport around near.,87,168
443,173,61,Travel environmental treat point future recent marriage.,178,80
444,459,18,Government civil now along rule.,179,38
445,753,315,We enough who someone tonight expert thank.,49,56
446,211,38,Instead less term put.,46,173
447,54,78,Writer suggest third mouth.,165,113
448,730,130,Hear perhaps together even material happen deep.,12,114
449,783,95,Minute feel economy course how force.,97,52
450,403,195,Break customer allow skin level professor much.,75,232
451,160,28,Indicate ready never none raise address.,77,23
452,49,118,Provide meet girl represent represent second main.,6,67
453,686,259,Add capital away collection city.,52,281
454,312,119,Become when soldier approach.,51,149
455,275,70,Until coach understand question.,1,178
456,235,147,Debate dinner outside.,161,64
457,789,177,Smile chair major as street.,87,3
458,827,312,Hospital believe particular firm expert size they popular.,48,32
459,40,34,Grow movie enjoy.,64,235
460,932,31,Rule must suddenly daughter.,108,133
461,893,231,Analysis when movement knowledge degree improve.,160,114
462,762,310,Television side attorney sing.,86,57
463,275,82,Deep although brother professor.,42,274
464,968,184,Dog treatment general strategy dark do.,92,54
465,617,105,Reason design create individual camera build.,170,265
466,900,36,For image detail court buy.,154,28
467,123,223,Us market water.,173,65
468,163,320,Successful family stuff strong chance ahead.,70,251
469,466,213,Prepare now drug respond give trade.,85,172
470,552,48,Piece choice everyone money song skill third.,7,125
471,138,126,Break firm money year.,28,177
472,967,217,Try TV sister action.,118,295
473,719,331,Mean response word easy start suggest medical.,9,231
474,372,327,Build movement practice media.,33,107
475,731,187,Bring and option citizen buy.,156,13
476,44,185,Kid agency agree.,80,47
477,595,73,Question also fact.,95,54
478,339,201,Shake budget security movie great fact laugh.,39,143
479,783,357,Night establish leave director.,152,50
480,307,87,Also raise its blood mention many.,16,285
481,20,244,Soldier any half power field few.,145,190
482,162,166,How range hour speech.,167,249
483,542,132,Choose energy fine human dog tonight.,163,280
484,223,112,Shake food education training network learn point.,32,156
485,157,95,Bag friend high interview trip because return.,76,237
486,434,331,Agreement kid point push fine television sign almost.,64,90
487,987,33,Officer ask around two once.,150,247
488,323,242,Adult walk hot travel very instead.,47,39
489,266,168,Ahead large difference case floor the.,73,32
490,667,155,Wind knowledge language be nor tend.,104,254
491,44,225,Once performance possible western measure two bank affect.,81,259
492,523,292,Let land late heavy.,128,14
493,396,347,Everything trade suddenly few.,36,158
494,341,263,Within open race six for.,187,167
495,60,285,Base social cup official while environmental TV.,104,173
496,170,251,Firm itself head.,120,8
497,94,62,Tell doctor others certainly hand chance.,23,117
498,86,196,Even several economic.,5,116
499,93,135,Central baby low should return grow.,68,154
500,492,301,How understand onto trouble building Mr.,82,48
